time,avgFlowRate,avgSpeed,avgDensity,avgWaiting,avgQLength
11.0,0.0,16.26,0.21,0.0,0.0
21.0,0.0,17.45,0.49,0.0,0.0
31.0,0.0,20.76,1.02,0.0,0.0
41.0,0.0,23.93,1.48,0.0,0.0
51.0,0.0,24.18,1.82,0.0,0.0
61.0,0.0,24.14,2.29,0.0,0.0
71.0,0.0,24.25,2.76,0.0,0.0
81.0,0.0,24.18,3.23,0.0,0.0
91.0,0.0,24.27,3.59,0.0,0.0
101.0,0.0,23.98,4.09,0.0,0.0
111.0,0.0,24.27,4.48,0.0,0.0
121.0,0.0,24.07,4.95,0.0,0.0
131.0,0.0,24.1,5.34,0.0,0.0
141.0,0.0,24.04,5.81,0.0,0.0
151.0,0.0,24.05,6.25,0.0,0.0
161.0,0.0,24.11,6.72,0.0,0.0
171.0,0.0,23.96,7.14,0.0,0.0
181.0,5.0,23.47,7.53,5.25,0.94
191.0,4.74,26.11,7.99,9.22,2.25
201.0,40.5,36.7,8.41,10.97,2.44
211.0,42.85,37.59,8.84,11.97,4.69
221.0,49.09,37.27,9.18,14.25,7.69
231.0,62.61,35.32,9.67,19.27,9.75
241.0,63.75,34.8,10.09,21.87,13.31
251.0,79.2,34.19,10.45,27.05,15.94
261.0,148.85,39.35,10.71,28.17,15.94
271.0,210.0,39.51,11.16,30.06,16.88
281.0,250.72,39.63,11.57,33.87,19.31
291.0,288.62,39.66,11.88,40.25,20.62
301.0,294.0,39.19,12.42,46.73,22.31
311.0,301.94,38.69,12.8,50.32,25.31
321.0,331.88,37.69,13.11,51.04,25.31
331.0,390.0,41.53,13.43,50.78,21.94
341.0,444.7,41.1,13.65,51.18,20.62
351.0,488.57,42.13,14.05,50.67,21.56
361.0,540.0,40.6,14.44,53.02,26.25
371.0,583.78,40.67,14.77,55.32,28.31
381.0,587.37,40.38,15.15,54.15,30.19
391.0,639.23,39.87,15.45,52.78,26.62
401.0,675.0,39.68,15.75,51.43,23.81
411.0,698.05,38.66,16.28,45.95,27.19
421.0,711.43,38.38,16.66,45.62,28.88
431.0,730.47,37.91,17.02,47.55,31.5
441.0,756.82,36.87,17.37,50.03,34.69
451.0,814.0,36.99,17.62,49.71,31.88
461.0,847.17,36.92,17.97,49.09,32.44
471.0,867.45,36.3,18.27,45.57,34.69
481.0,877.5,35.61,18.7,45.26,35.06
491.0,903.67,35.34,19.08,47.86,36.56
501.0,927.0,35.09,19.41,50.12,39.94
511.0,972.35,34.8,19.59,50.88,37.31
521.0,1057.5,35.26,19.61,50.67,34.5
531.0,1107.17,35.06,19.71,47.01,35.25
541.0,1146.66,34.83,20.07,44.14,39.94
551.0,1158.54,34.38,20.29,46.58,44.06
561.0,1161.96,33.43,20.79,49.02,47.81
571.0,1179.47,32.27,20.98,50.44,50.62
581.0,1253.8,32.41,21.05,49.09,47.62
591.0,1302.71,33.17,21.15,48.17,46.31
601.0,1344.0,33.3,21.28,48.46,46.31
611.0,1378.04,32.77,21.48,50.02,49.88
621.0,1390.65,32.92,21.86,52.24,53.44
631.0,1400.0,32.27,22.22,55.9,55.69
641.0,1461.09,31.68,22.3,55.22,51.75
651.0,1509.23,31.43,22.34,53.29,51.94
661.0,1539.55,31.5,22.52,52.01,51.75
671.0,1562.24,31.59,22.78,51.65,54.56
681.0,1586.91,31.4,23.06,54.12,57.0
691.0,1596.52,31.05,23.19,57.6,59.62
701.0,1631.57,30.02,23.27,56.99,55.88
711.0,1688.45,30.95,23.29,54.2,52.88
721.0,1733.75,31.67,23.47,53.44,52.5
731.0,1760.55,32.16,23.7,53.83,51.38
741.0,1778.11,31.73,23.95,55.66,57.75
751.0,1794.0,31.38,24.25,56.51,62.06
761.0,1815.39,30.65,24.33,56.87,62.81
771.0,1859.61,30.93,24.34,54.12,57.38
781.0,1896.92,30.5,24.33,50.97,58.69
791.0,1912.79,30.87,24.53,49.2,60.94
801.0,1927.12,30.58,24.84,50.99,64.31
811.0,1937.78,30.01,25.09,53.99,69.0
821.0,1930.61,29.21,25.55,57.84,74.44
831.0,1974.58,28.8,25.43,57.13,70.5
841.0,2007.86,28.78,25.5,56.51,69.38
851.0,2027.64,29.32,25.76,55.67,68.44
861.0,2046.98,30.28,26.01,56.79,70.31
871.0,2062.76,30.2,26.13,60.38,72.75
881.0,2074.09,29.68,26.29,61.74,78.0
891.0,2096.29,29.23,26.37,62.56,71.25
901.0,2128.0,29.49,26.45,60.81,67.88
911.0,2152.09,28.8,26.45,57.42,70.88
921.0,2166.85,28.35,26.65,55.19,75.56
931.0,2183.23,27.62,26.78,57.3,79.69
941.0,2197.34,27.48,26.97,59.95,84.94
951.0,2209.26,26.86,27.02,60.74,84.94
961.0,2243.44,27.09,26.99,59.88,80.06
971.0,2268.56,27.69,27.02,58.52,79.31
981.0,2284.9,28.01,27.14,57.46,79.69
991.0,2304.55,28.34,27.37,60.13,80.81
1001.0,2315.7,28.36,27.62,62.28,84.38
1011.0,2321.29,27.82,27.73,64.78,86.44
1021.0,2355.89,26.85,27.73,63.25,80.44
1031.0,2385.44,26.3,27.62,60.91,77.81
1041.0,2417.89,26.58,27.6,56.52,80.06
1051.0,2434.28,27.15,27.75,56.73,80.81
1061.0,2444.43,26.74,27.75,57.8,85.31
1071.0,2451.87,26.81,28.1,59.48,89.25
1081.0,2466.66,25.91,28.28,59.92,87.0
1091.0,2482.84,26.21,28.18,58.84,85.12
1101.0,2509.36,26.57,28.13,57.9,88.12
1111.0,2520.0,26.79,28.18,57.86,91.12
1121.0,2526.43,27.09,28.54,61.5,92.81
1131.0,2520.0,26.48,28.83,64.48,96.94
1141.0,2529.47,25.7,28.96,66.6,95.62
1151.0,2547.39,25.61,28.96,66.46,92.06
1161.0,2567.33,25.55,28.96,64.86,91.12
1171.0,2577.69,26.3,29.19,63.83,89.44
1181.0,2587.12,26.16,29.41,65.6,91.69
1191.0,2591.85,25.48,29.57,65.35,97.88
1201.0,2597.25,24.92,29.65,66.13,100.69
1211.0,2619.67,24.73,29.62,65.16,96.75
1221.0,2635.08,25.25,29.57,63.1,96.56
1231.0,2646.59,25.3,29.8,61.78,98.06
1241.0,2649.19,25.79,29.96,61.74,101.25
1251.0,2653.2,25.87,30.01,63.48,103.5
1261.0,2653.57,25.26,30.34,65.3,105.56
1271.0,2672.36,24.61,30.47,64.31,103.12
1281.0,2697.89,24.86,30.55,64.1,100.12
1291.0,2715.35,24.81,30.57,63.32,101.06
1301.0,2720.77,24.67,30.59,62.81,103.88
1311.0,2722.67,24.71,30.93,64.57,106.5
1321.0,2729.32,24.51,30.93,65.84,109.88
1331.0,2737.22,24.23,30.99,66.94,105.56
1341.0,2755.75,24.3,30.96,65.7,105.0
1351.0,2767.34,24.68,31.19,64.59,103.31
1361.0,2776.1,25.06,31.27,63.41,103.88
1371.0,2786.06,25.17,31.32,65.54,108.0
1381.0,2792.61,25.52,31.52,67.41,109.31
1391.0,2798.41,25.37,31.75,67.92,109.69
1401.0,2817.64,24.97,31.7,65.44,106.88
1411.0,2835.32,24.94,31.75,64.49,105.38
1421.0,2849.58,24.58,31.73,61.86,109.31
1431.0,2853.57,24.58,31.91,62.48,111.56
1441.0,2854.38,24.4,31.98,63.91,114.94
1451.0,2853.93,23.59,32.24,64.97,119.25
1461.0,2870.75,23.05,32.24,64.8,113.44
1471.0,2884.29,24.04,32.32,64.28,111.75
1481.0,2900.07,23.91,32.39,63.82,112.31
1491.0,2902.95,24.26,32.54,64.8,113.62
1501.0,2904.6,24.42,32.7,67.03,115.69
1511.0,2906.23,24.6,32.96,68.73,120.19
1521.0,2913.16,23.88,33.03,69.32,117.19
1531.0,2929.41,23.53,33.03,67.55,115.12
1541.0,2937.86,23.74,33.11,66.1,116.44
1551.0,2941.55,23.76,33.26,65.08,117.94
1561.0,2942.88,23.42,33.54,66.45,123.0
1571.0,2940.76,22.99,33.75,66.95,127.69
1581.0,2941.52,22.56,33.88,68.65,123.38
1591.0,2947.36,22.43,34.06,67.4,122.81
1601.0,2957.62,22.74,34.26,65.89,123.19
1611.0,2965.53,22.71,34.39,64.84,124.5
1621.0,2971.11,23.05,34.56,65.94,126.75
1631.0,2972.2,23.19,34.74,68.05,128.06
1641.0,2972.19,23.23,34.9,69.24,127.88
1651.0,2987.45,22.67,34.93,67.76,126.75
1661.0,2997.11,22.72,35.08,66.13,128.25
1671.0,3006.11,22.54,35.13,64.57,131.25
1681.0,3010.71,23.06,35.26,64.91,134.81
1691.0,3012.07,23.01,35.47,66.94,138.56
1701.0,3011.3,22.5,35.75,68.53,142.12
1711.0,3017.37,21.89,35.86,68.01,138.19
1721.0,3031.74,22.39,35.85,67.05,134.62
1731.0,3043.87,22.66,35.9,65.59,135.38
1741.0,3051.72,23.36,36.05,66.23,137.25
1751.0,3054.86,22.89,36.13,68.61,138.56
1761.0,3057.95,22.58,36.26,69.52,141.38
1771.0,3064.07,22.11,36.42,69.7,140.25
1781.0,3074.66,22.61,36.52,68.65,138.56
1791.0,3083.63,22.4,36.59,67.95,138.0
1801.0,3088.5,22.5,36.75,66.75,138.94
1811.0,3095.3,22.68,36.8,68.38,139.69
1821.0,3097.58,22.32,36.95,70.13,143.81
1831.0,3098.85,21.75,37.13,70.08,146.25
1841.0,3109.89,21.06,37.11,68.64,144.75
1851.0,3113.51,21.17,37.13,67.98,144.38
1861.0,3119.03,21.61,37.44,67.18,141.75
1871.0,3120.16,22.0,37.47,67.95,142.88
1881.0,3119.84,21.88,37.55,68.62,146.62
1891.0,3121.43,21.8,37.95,69.42,149.81
1901.0,3137.69,21.26,38.05,69.58,146.44
1911.0,3154.71,21.79,38.16,68.68,143.44
1921.0,3171.1,22.63,38.26,67.91,141.0
1931.0,3182.64,22.32,38.36,67.06,145.31
1941.0,3191.28,21.89,38.57,67.94,150.19
1951.0,3196.15,21.05,38.7,68.38,155.81
1961.0,3206.02,20.2,38.81,68.62,154.69
1971.0,3222.19,20.59,38.99,67.58,154.88
1981.0,3237.27,20.4,39.14,66.63,155.06
1991.0,3249.5,20.38,39.2,65.68,157.31
2001.0,3263.4,20.62,39.2,67.97,158.62
2011.0,3271.34,20.38,39.33,69.72,159.94
2021.0,3282.33,20.12,39.51,70.78,159.94
2031.0,3302.07,19.93,39.56,70.34,158.06
2041.0,3318.53,20.0,39.64,69.43,161.81
2051.0,3333.07,20.05,39.92,68.5,165.56
2061.0,3340.05,20.09,40.05,69.65,167.81
2071.0,3345.65,19.64,40.22,70.46,172.5
2081.0,3349.04,19.46,40.46,70.84,174.56
2091.0,3362.3,19.31,40.47,70.2,165.19
2101.0,3370.72,19.65,40.53,69.41,165.19
2111.0,3373.94,19.78,40.74,69.07,165.75
2121.0,3374.58,19.61,40.87,69.38,168.56
2131.0,3374.79,19.79,41.03,71.15,165.19
2141.0,3372.48,19.98,41.21,71.6,167.81
2151.0,3376.46,19.23,41.24,71.73,165.75
2161.0,3384.58,19.29,41.39,70.87,165.19
2171.0,3391.8,19.55,41.47,69.16,165.94
2181.0,3393.58,19.9,41.67,68.22,168.0
2191.0,3395.34,20.41,41.77,69.34,173.44
2201.0,3395.45,20.4,42.05,70.3,169.69
2211.0,3397.6,19.77,42.12,70.2,172.12
2221.0,3400.14,19.87,42.33,69.04,174.0
2231.0,3401.03,20.01,42.43,67.98,174.38
2241.0,3406.74,20.13,42.51,67.17,174.38
2251.0,3410.4,19.9,42.5,67.81,177.94
2261.0,3416.02,20.06,42.53,69.28,178.88
2271.0,3413.66,19.65,42.76,70.33,179.25
2281.0,3420.39,19.48,42.87,70.24,171.94
2291.0,3424.72,19.6,42.91,69.17,176.62
2301.0,3426.26,19.48,43.22,68.79,180.56
2311.0,3425.45,19.77,43.47,69.62,182.81
2321.0,3426.2,20.19,43.58,70.56,184.88
2331.0,3426.57,20.14,43.68,71.71,187.69
2341.0,3428.47,19.55,43.76,71.72,187.5
2351.0,3431.11,18.95,43.88,70.23,186.94
2361.0,3434.87,18.8,44.01,69.26,188.44
2371.0,3435.57,18.69,44.14,68.02,189.38
2381.0,3434.37,19.32,44.22,69.23,186.0
2391.0,3434.68,19.5,44.28,70.16,186.94
2401.0,3435.75,19.03,44.25,71.12,185.44
2411.0,3440.17,18.72,44.41,70.77,182.81
2421.0,3444.92,18.26,44.33,69.94,183.56
2431.0,3446.3,18.41,44.48,69.61,186.56
2441.0,3447.3,18.61,44.67,70.43,190.5
2451.0,3449.39,18.31,44.83,71.52,193.31
2461.0,3448.53,17.81,44.96,71.1,197.81
2471.0,3453.89,17.57,45.07,69.89,198.0
2481.0,3455.2,17.64,45.24,69.41,196.88
2491.0,3455.06,17.8,45.35,68.89,198.94
2501.0,3455.28,17.79,45.54,69.83,201.56
2511.0,3455.86,18.37,45.74,70.64,201.38
2521.0,3452.86,18.82,46.15,72.23,200.44
2531.0,3460.91,18.12,46.03,71.54,193.5
2541.0,3468.19,18.14,46.23,70.52,194.44
2551.0,3470.47,18.43,46.3,69.92,195.38
2561.0,3472.74,18.85,46.45,70.51,198.0
2571.0,3472.18,18.58,46.61,71.27,202.12
2581.0,3470.23,18.44,46.84,71.81,209.25
2591.0,3470.39,18.2,47.0,71.48,203.25
2601.0,3479.19,18.46,46.97,70.74,202.69
2611.0,3484.48,18.78,46.87,70.47,204.38
2621.0,3489.05,18.58,47.1,69.8,208.5
2631.0,3488.1,19.01,47.32,70.94,207.75
2641.0,3486.14,19.98,47.66,71.51,197.25
2651.0,3482.83,19.24,47.95,71.5,197.81
2661.0,3490.72,18.63,47.79,70.4,195.94
2671.0,3494.16,18.73,47.94,69.68,195.94
2681.0,3497.58,18.33,47.94,68.57,199.5
2691.0,3498.63,18.66,48.14,68.58,198.56
2701.0,3498.0,18.6,48.24,69.62,204.94
2711.0,3493.73,18.19,48.65,70.05,201.38
2721.0,3501.73,17.54,48.57,68.55,201.0
2731.0,3508.68,17.1,48.75,66.79,207.0
2741.0,3510.98,17.14,48.83,66.62,213.0
2751.0,3511.31,17.33,48.95,67.07,217.31
2761.0,3511.63,17.77,49.12,68.19,221.06
2771.0,3511.62,18.27,49.33,70.13,220.5
2781.0,3513.24,17.83,49.38,70.52,217.5
2791.0,3517.74,17.77,49.5,69.78,214.69
2801.0,3523.18,18.14,49.6,69.28,213.56
2811.0,3524.09,18.14,49.7,69.08,215.62
2821.0,3527.23,18.44,49.73,70.81,215.44
2831.0,3529.72,18.43,49.88,71.79,217.12
2841.0,3526.8,18.11,49.96,71.98,221.81
2851.0,3528.32,17.86,50.14,71.62,222.94
2861.0,3530.14,17.69,50.27,70.87,227.25
2871.0,3531.95,17.32,50.42,69.84,234.75
2881.0,3529.69,17.6,50.65,71.01,230.44
2891.0,3527.13,17.78,50.83,71.67,231.75
2901.0,3524.59,17.65,50.86,72.78,230.25
2911.0,3530.72,17.25,50.99,72.56,227.44
2921.0,3534.04,17.18,51.29,71.92,225.19
2931.0,3538.87,17.13,51.34,71.39,226.69
2941.0,3540.61,17.22,51.52,71.94,228.75
2951.0,3544.17,16.86,51.39,72.99,232.12
2961.0,3541.01,16.75,51.68,72.81,234.75
2971.0,3544.55,16.31,51.63,71.8,228.75
2981.0,3550.47,16.79,51.42,70.69,227.62
2991.0,3556.05,16.97,51.58,69.87,227.62
3001.0,3560.1,16.71,51.65,69.23,230.44
3011.0,3561.43,17.03,51.75,69.66,235.88
3021.0,3558.58,17.69,51.88,70.4,221.44
3031.0,3557.23,17.55,52.12,70.82,222.19
3041.0,3560.62,17.39,52.17,69.93,223.69
3051.0,3562.52,17.04,52.32,68.81,229.12
3061.0,3562.94,16.99,52.42,68.22,234.75
3071.0,3561.6,17.44,52.63,69.13,237.94
3081.0,3563.47,17.03,52.61,69.91,242.44
3091.0,3561.85,16.26,52.76,70.21,243.0
3101.0,3560.51,16.07,53.02,69.89,244.5
3111.0,3562.38,16.31,53.14,69.5,247.12
3121.0,3564.52,16.67,53.34,69.34,248.44
3131.0,3564.63,17.06,53.5,70.55,246.56
3141.0,3567.03,17.53,53.61,72.19,238.5
3151.0,3566.86,17.22,53.68,72.72,243.0
3161.0,3572.66,16.52,53.64,72.27,242.81
3171.0,3575.01,17.19,53.92,72.05,231.75
3181.0,3574.24,17.57,53.99,71.04,229.31
3191.0,3574.89,17.41,54.19,70.4,234.75
3201.0,3573.85,17.31,54.27,71.1,239.44
3211.0,3573.08,16.58,54.4,70.37,246.94
3221.0,3574.29,16.19,54.61,69.91,247.5
3231.0,3576.87,16.34,54.74,69.47,248.44
3241.0,3576.94,16.36,54.7,69.45,251.44
3251.0,3575.36,16.32,54.91,69.15,255.75
3261.0,3572.94,16.62,55.12,70.07,257.25
3271.0,3572.2,17.22,55.33,71.22,255.94
3281.0,3572.01,16.57,55.54,72.08,258.75
3291.0,3575.65,16.33,55.59,72.26,255.38
3301.0,3577.36,16.53,55.86,71.72,257.81
3311.0,3577.16,16.47,55.96,71.16,259.88
3321.0,3576.96,16.63,56.19,71.77,263.81
3331.0,3576.22,16.85,56.37,72.13,263.06
3341.0,3570.9,16.97,56.76,72.48,262.12
3351.0,3574.75,16.8,56.68,72.28,256.69
3361.0,3576.7,16.72,56.81,71.73,258.56
3371.0,3577.03,16.6,57.04,71.02,263.25
3381.0,3576.3,16.34,57.22,71.02,268.5
3391.0,3575.31,16.47,57.48,71.77,274.5
3401.0,3574.85,16.22,57.63,72.25,281.25
3411.0,3577.83,15.52,57.7,72.61,278.62
3421.0,3582.63,15.69,57.8,72.84,275.06
3431.0,3586.09,16.38,57.88,72.86,274.88
3441.0,3588.49,16.49,57.96,72.95,275.62
3451.0,3587.74,16.42,58.34,73.96,276.75
3461.0,3585.69,16.85,58.47,74.46,264.0
3471.0,3584.96,16.31,58.7,74.1,262.69
3481.0,3589.14,16.11,58.71,72.98,261.38
3491.0,3591.75,16.31,58.91,71.41,262.88
3501.0,3593.83,16.58,58.87,70.26,264.19
3511.0,3595.9,17.41,58.89,70.23,257.62
3521.0,3595.4,17.55,59.09,70.57,263.25
3531.0,3594.64,17.12,59.3,70.91,269.81
3541.0,3598.22,16.4,59.42,70.17,269.81
3551.0,3599.49,16.33,59.63,69.32,272.06
3561.0,3603.28,16.81,59.68,69.17,272.44
3571.0,3605.04,16.59,59.75,69.46,278.06
3581.0,3604.78,16.43,60.06,70.3,283.12
3591.0,3600.25,16.57,60.34,71.1,271.12
3601.0,3598.75,16.58,60.47,70.71,266.62
3611.0,3603.24,16.68,60.49,70.11,266.06
3621.0,3606.71,16.59,60.62,68.95,271.88
3631.0,3605.7,16.77,60.8,68.37,266.25
3641.0,3604.2,17.39,61.06,68.93,271.5
3651.0,3603.95,17.37,61.19,70.12,276.19
3661.0,3604.67,16.83,61.27,70.49,265.31
3671.0,3609.32,16.72,61.42,69.19,265.31
3681.0,3611.25,16.83,61.54,68.37,267.19
3691.0,3611.7,16.73,61.85,68.11,273.56
3701.0,3611.67,16.39,61.87,68.9,284.62
3711.0,3610.67,15.9,61.9,69.97,292.12
3721.0,3609.68,15.25,62.03,70.49,298.69
3731.0,3613.27,15.31,62.26,70.27,300.38
3741.0,3615.89,15.5,62.46,69.98,304.12
3751.0,3616.56,15.8,62.53,69.98,308.44
3761.0,3615.8,16.0,62.86,71.02,308.44
3771.0,3613.85,16.06,63.02,72.66,310.69
3781.0,3611.91,15.98,63.2,73.65,309.75
3791.0,3615.43,15.28,63.17,73.78,302.44
3801.0,3617.53,15.11,63.35,73.31,301.69
3811.0,3619.13,15.32,63.68,73.05,302.25
3821.0,3618.38,15.68,63.94,73.08,306.75
3831.0,3617.15,16.05,63.98,73.77,301.12
3841.0,3615.94,15.92,64.21,73.78,305.06
3851.0,3615.89,15.11,64.39,73.09,308.44
3861.0,3619.12,15.33,64.49,72.11,308.06
3871.0,3620.47,15.28,64.5,71.5,308.81
3881.0,3622.73,15.06,64.52,70.85,312.94
3891.0,3623.6,14.88,64.65,71.9,317.06
3901.0,3623.08,14.67,64.75,72.72,320.25
3911.0,3620.94,14.05,65.01,73.55,322.69
3921.0,3623.65,14.23,65.09,72.54,302.25
3931.0,3627.71,14.45,65.04,72.01,296.81
3941.0,3631.3,14.62,64.99,71.22,297.19
3951.0,3633.95,14.7,64.97,71.3,301.31
3961.0,3635.68,14.51,64.96,71.24,304.12
3971.0,3633.32,14.52,65.24,71.43,309.0
3981.0,3637.76,14.9,65.17,70.8,288.75
3991.0,3641.73,14.8,65.25,69.94,289.88
4001.0,3643.2,14.82,65.4,69.1,297.56
4011.0,3641.74,14.9,65.59,68.17,291.0
4021.0,3640.08,15.47,65.74,69.0,292.88
4031.0,3639.53,15.75,66.02,69.8,298.69
4041.0,3639.21,15.17,66.15,69.99,301.69
4051.0,3640.22,14.74,66.33,69.35,304.88
4061.0,3639.23,15.17,66.39,68.88,311.25
4071.0,3638.26,15.38,66.7,68.63,318.56
4081.0,3637.28,15.53,66.78,70.42,324.19
4091.0,3635.65,15.2,66.91,71.41,329.44
4101.0,3635.12,14.58,67.09,71.64,332.25
4111.0,3640.51,14.65,67.11,71.47,322.69
4121.0,3642.16,14.73,67.34,71.15,321.19
4131.0,3642.49,15.2,67.54,70.69,322.69
4141.0,3641.74,15.73,67.69,71.12,308.62
4151.0,3640.99,15.99,67.92,71.74,313.31
4161.0,3638.73,15.36,68.12,72.05,316.5
4171.0,3641.01,15.02,68.38,71.59,312.94
4181.0,3641.98,14.97,68.56,70.92,315.94
4191.0,3641.89,14.55,68.53,69.92,322.12
4201.0,3640.07,14.34,68.78,69.74,324.94
4211.0,3640.19,14.39,69.09,70.47,330.19
4221.0,3639.03,14.26,69.33,70.97,337.31
4231.0,3640.64,14.03,69.3,71.89,337.69
4241.0,3643.09,13.91,69.45,72.22,339.56
4251.0,3642.78,14.04,69.68,72.35,346.5
4261.0,3643.73,14.07,69.8,72.59,351.0
4271.0,3642.37,14.14,70.03,73.83,355.69
4281.0,3640.8,14.21,70.26,74.56,357.38
4291.0,3641.33,13.6,70.37,74.28,358.5
4301.0,3644.79,13.52,70.47,74.39,358.5
4311.0,3648.45,13.98,70.59,73.88,363.38
4321.0,3650.62,14.0,70.67,73.61,366.19
4331.0,3650.09,14.39,70.78,74.66,361.5
4341.0,3648.53,13.95,70.89,75.38,365.06
4351.0,3647.18,13.47,71.03,75.58,368.62
4361.0,3647.27,13.47,71.07,75.73,366.94
4371.0,3646.34,13.51,71.28,75.62,356.44
4381.0,3645.41,14.01,71.71,74.93,349.69
4391.0,3643.67,13.86,71.78,75.1,351.19
4401.0,3641.73,14.13,72.05,75.45,352.12
4411.0,3639.59,14.34,72.25,75.11,342.75
4421.0,3639.91,14.15,72.3,74.0,339.0
4431.0,3641.85,13.87,72.38,73.2,336.38
4441.0,3645.0,13.77,72.4,71.91,339.56
4451.0,3645.91,14.07,72.53,71.63,341.81
4461.0,3644.8,14.27,72.68,71.47,341.25
4471.0,3643.89,14.17,72.89,71.31,348.0
4481.0,3644.6,13.3,73.0,71.53,350.81
4491.0,3645.1,13.08,73.2,70.92,354.0
4501.0,3645.8,13.05,73.38,70.35,350.25
4511.0,3645.5,13.49,73.6,70.03,347.81
4521.0,3644.6,13.59,73.73,70.28,352.88
4531.0,3643.31,14.27,73.93,70.8,344.44
4541.0,3642.03,13.83,74.12,70.75,346.69
4551.0,3644.11,13.55,74.17,70.49,347.62
4561.0,3644.8,13.41,74.24,70.52,352.31
4571.0,3645.49,13.58,74.27,70.39,360.0
4581.0,3645.59,13.27,74.45,70.86,369.38
4591.0,3643.92,13.03,74.47,71.58,379.5
4601.0,3640.11,12.98,74.86,72.17,387.19
4611.0,3643.93,12.43,74.58,72.23,382.5
4621.0,3646.36,12.72,74.61,72.07,378.94
4631.0,3648.6,12.63,74.55,71.99,373.5
4641.0,3650.62,13.26,74.55,72.35,355.12
4651.0,3649.55,13.78,74.53,72.66,338.44
4661.0,3650.02,14.47,74.82,72.56,336.94
4671.0,3650.68,13.69,74.8,72.27,336.56
4681.0,3652.88,13.34,74.96,71.53,338.06
4691.0,3656.61,13.01,74.85,70.56,344.06
4701.0,3658.6,12.56,75.03,69.81,353.81
4711.0,3659.24,12.7,75.09,70.12,360.19
4721.0,3657.97,13.01,75.43,70.48,368.06
4731.0,3657.46,12.76,75.64,70.3,374.81
4741.0,3661.33,12.75,75.67,70.06,372.56
4751.0,3664.23,12.89,75.77,69.94,375.56
4761.0,3666.94,12.71,75.54,70.07,376.69
4771.0,3667.55,12.9,75.44,70.82,379.5
4781.0,3668.91,12.96,75.56,72.42,380.06
4791.0,3668.01,13.37,75.61,73.12,366.0
4801.0,3669.19,13.23,75.66,73.36,366.0
4811.0,3668.3,13.03,75.87,73.25,368.81
4821.0,3667.41,13.26,76.22,72.85,375.38
4831.0,3669.13,13.31,76.42,73.22,382.12
4841.0,3668.06,13.31,76.55,73.43,390.75
4851.0,3666.99,13.24,76.65,74.08,395.81
4861.0,3668.15,12.84,76.83,74.37,392.06
4871.0,3670.78,13.06,76.93,74.13,389.44
4881.0,3672.67,13.08,77.0,73.85,386.81
4891.0,3674.36,13.01,77.06,73.81,390.19
4901.0,3674.57,13.32,77.21,74.58,387.56
4911.0,3673.14,13.57,77.47,75.49,389.25
4921.0,3670.97,13.13,77.76,75.85,390.0
4931.0,3669.38,12.64,78.07,75.48,391.5
4941.0,3668.32,12.34,78.27,74.95,390.94
4951.0,3668.73,12.46,78.32,74.22,389.44
4961.0,3669.86,12.54,78.5,74.19,390.38
4971.0,3669.9,12.66,78.48,74.53,391.88
4981.0,3668.68,12.83,78.78,74.81,391.31
4991.0,3671.42,12.61,78.93,74.43,387.94
5001.0,3673.8,12.72,79.14,73.75,385.5
5011.0,3673.83,12.96,79.31,73.01,391.31
5021.0,3673.69,13.56,79.49,72.84,375.38
5031.0,3673.9,14.0,79.44,73.07,375.56
5041.0,3673.21,14.24,79.69,73.04,378.94
5051.0,3675.74,13.84,79.85,72.47,378.0
5061.0,3679.51,13.63,80.03,71.84,384.75
5071.0,3681.3,13.32,79.98,70.98,389.81
5081.0,3683.62,13.38,79.77,71.03,399.0
5091.0,3684.87,13.37,79.84,71.86,403.69
5101.0,3684.71,13.57,79.84,72.7,408.38
5111.0,3684.19,13.95,79.9,72.86,383.81
5121.0,3685.08,14.26,79.9,72.76,379.5
5131.0,3687.01,14.23,79.97,72.27,384.19
5141.0,3687.02,14.46,80.17,72.03,387.56
5151.0,3686.85,15.02,80.27,72.33,371.81
5161.0,3686.51,15.17,80.25,72.67,375.19
5171.0,3685.48,14.26,80.49,72.97,378.75
5181.0,3685.83,13.56,80.62,72.21,385.31
5191.0,3686.88,13.25,80.88,71.58,393.19
5201.0,3688.96,13.12,80.88,70.73,397.88
5211.0,3689.31,13.09,80.95,70.97,401.25
5221.0,3690.52,12.79,80.84,71.63,401.81
5231.0,3688.8,12.95,81.04,72.19,404.06
5241.0,3690.51,12.64,81.23,72.05,402.94
5251.0,3692.74,12.18,81.13,71.93,404.62
5261.0,3694.62,12.42,81.24,72.35,409.5
5271.0,3696.83,12.56,81.26,72.93,412.88
5281.0,3695.62,13.23,81.42,73.47,385.5
5291.0,3694.93,13.8,81.52,73.36,383.81
5301.0,3695.77,13.53,81.55,72.93,382.5
5311.0,3697.29,13.43,81.72,72.55,382.5
5321.0,3698.46,13.18,81.75,71.68,388.69
5331.0,3698.78,13.45,81.93,71.37,394.12
5341.0,3699.94,13.5,81.98,71.52,400.88
5351.0,3699.75,13.45,82.39,71.58,405.94
5361.0,3697.72,13.0,82.55,71.52,408.75
5371.0,3700.89,12.74,82.57,71.03,404.81
5381.0,3702.38,12.89,82.64,70.77,407.81
5391.0,3704.36,12.75,82.62,70.94,409.12
5401.0,3706.34,13.0,82.54,71.93,405.19
5411.0,3706.97,13.35,82.52,72.79,402.19
5421.0,3706.6,12.99,82.57,73.19,403.31
5431.0,3708.73,12.4,82.67,73.12,403.88
5441.0,3710.68,12.22,82.75,73.11,407.44
5451.0,3711.3,12.15,83.03,72.82,412.5
5461.0,3711.6,12.19,83.27,72.69,420.56
5471.0,3709.91,12.0,83.47,73.44,424.12
5481.0,3708.89,11.69,83.57,73.48,431.44
5491.0,3708.69,11.48,83.68,73.83,427.88
5501.0,3709.31,11.47,83.91,73.72,426.75
5511.0,3709.27,11.76,84.06,73.92,427.88
5521.0,3708.75,12.12,84.23,74.24,432.56
5531.0,3706.76,12.21,84.47,75.59,435.38
5541.0,3705.11,12.34,84.5,76.36,438.0
5551.0,3705.89,12.24,84.42,76.87,436.88
5561.0,3706.35,12.26,84.7,77.06,437.44
5571.0,3705.84,12.3,85.0,77.27,442.31
5581.0,3705.97,12.53,84.95,77.06,448.69
5591.0,3705.45,12.6,85.26,77.32,458.06
5601.0,3703.66,13.22,85.39,77.85,454.69
5611.0,3701.39,13.35,85.65,77.85,447.56
5621.0,3702.97,13.27,85.81,77.5,444.38
5631.0,3704.71,13.14,85.81,77.55,444.56
5641.0,3706.43,13.0,85.78,77.37,448.5
5651.0,3706.41,13.66,86.01,77.84,430.5
5661.0,3705.27,13.59,86.14,77.98,429.19
5671.0,3703.5,13.44,86.3,77.94,427.88
5681.0,3703.78,13.16,86.35,76.74,426.0
5691.0,3705.03,13.01,86.38,75.58,431.06
5701.0,3705.79,13.25,86.63,74.63,441.0
5711.0,3705.45,13.04,86.88,74.54,447.94
5721.0,3704.32,13.1,87.14,74.88,434.62
5731.0,3702.25,13.56,87.45,75.0,425.62
5741.0,3700.66,13.19,87.47,74.41,427.88
5751.0,3699.39,12.64,87.6,73.71,431.81
5761.0,3700.31,12.55,87.68,73.47,441.38
5771.0,3700.14,12.48,88.01,73.21,444.19
5781.0,3699.66,12.28,88.0,73.94,451.5
5791.0,3698.86,12.93,88.16,74.38,428.44
5801.0,3696.67,13.3,88.33,74.1,423.38
5811.0,3699.76,13.1,88.15,73.34,422.44
5821.0,3700.98,13.21,88.3,72.92,432.94
5831.0,3701.12,12.95,88.45,72.76,444.56
5841.0,3699.4,12.55,88.53,73.1,458.44
5851.0,3697.85,12.29,88.7,74.01,470.62
5861.0,3695.99,11.81,89.14,74.82,482.25
5871.0,3695.36,11.31,89.35,75.07,487.88
5881.0,3693.67,11.42,89.68,75.05,481.5
5891.0,3693.21,11.7,90.01,75.9,485.62
5901.0,3691.83,11.9,90.14,76.72,487.12
5911.0,3690.15,11.67,90.22,77.75,488.44
5921.0,3689.24,11.52,90.4,78.88,495.38
5931.0,3688.63,11.21,90.5,79.44,497.25
5941.0,3687.88,10.63,90.65,79.69,506.81
5951.0,3686.82,10.62,90.81,79.5,511.69
5961.0,3686.83,10.95,90.8,80.11,510.0
5971.0,3686.08,11.1,90.97,80.89,510.94
5981.0,3685.34,10.77,91.1,81.44,520.69
5991.0,3684.74,10.75,91.36,81.85,521.81
6001.0,3686.55,10.85,91.36,82.37,517.31
6011.0,3687.6,10.62,91.41,82.5,516.94
6021.0,3689.4,10.71,91.55,82.33,518.44
6031.0,3689.7,11.84,91.7,82.26,496.88
6041.0,3689.85,12.13,91.88,82.41,496.69
6051.0,3688.36,12.18,91.98,82.27,496.5
6061.0,3689.85,11.93,92.24,81.73,496.88
6071.0,3689.26,12.12,92.42,80.99,497.81
6081.0,3689.26,12.27,92.77,80.31,508.5
6091.0,3687.93,12.23,92.87,80.45,517.12
6101.0,3687.49,12.5,92.97,80.63,516.94
6111.0,3685.73,12.08,93.22,80.95,527.06
6121.0,3685.74,11.91,93.33,80.78,526.69
6131.0,3688.09,11.84,93.64,80.69,531.38
6141.0,3687.36,12.33,93.99,80.8,537.0
6151.0,3686.93,12.99,94.15,81.37,518.62
6161.0,3686.64,13.23,94.3,82.0,523.5
6171.0,3685.48,13.04,94.63,82.62,532.5
6181.0,3685.63,12.63,94.61,82.66,537.38
6191.0,3687.67,12.29,94.61,82.64,539.44
6201.0,3688.26,12.12,94.79,82.51,542.81
6211.0,3689.71,11.91,94.79,82.56,547.88
6221.0,3689.86,11.68,94.8,83.34,551.06
6231.0,3689.28,12.08,94.85,83.84,543.56
6241.0,3688.13,12.09,95.01,84.09,546.19
6251.0,3687.98,11.54,95.19,84.28,548.44
6261.0,3687.84,11.3,95.25,84.13,550.12
6271.0,3686.7,11.59,95.53,83.7,551.44
6281.0,3685.27,11.93,95.81,84.05,549.56
6291.0,3685.85,12.03,95.88,84.56,551.62
6301.0,3685.43,12.22,96.19,84.3,547.12
6311.0,3686.58,12.02,96.14,84.02,538.69
6321.0,3687.3,11.97,96.24,83.6,537.94
6331.0,3689.15,12.27,96.11,83.17,542.06
6341.0,3690.71,12.64,96.29,83.02,546.75
6351.0,3690.0,12.53,96.47,83.14,549.19
6361.0,3689.15,12.99,96.73,83.27,524.81
6371.0,3689.15,13.07,96.89,82.89,518.06
6381.0,3690.57,13.16,96.94,82.28,516.56
6391.0,3690.84,12.93,96.83,81.48,516.0
6401.0,3691.69,13.23,97.01,80.59,511.12
6411.0,3692.39,13.27,97.2,80.69,512.81
6421.0,3691.96,12.99,97.29,80.61,518.25
6431.0,3690.42,12.33,97.58,80.34,527.06
6441.0,3690.0,11.95,97.84,79.66,530.44
6451.0,3689.16,11.94,98.02,79.16,540.38
6461.0,3689.03,11.89,98.11,78.9,549.75
6471.0,3689.3,11.62,98.29,79.27,555.75
6481.0,3688.89,11.15,98.27,80.03,560.25
6491.0,3687.64,10.86,98.28,81.25,563.25
6501.0,3688.61,10.57,98.39,82.19,567.75
6511.0,3689.17,10.25,98.41,82.22,570.75
6521.0,3690.97,10.37,98.46,81.91,576.38
6531.0,3691.65,11.03,98.66,82.52,580.69
6541.0,3691.38,11.64,98.96,83.3,564.56
6551.0,3691.24,12.05,99.19,83.77,570.0
6561.0,3690.82,11.65,99.34,83.82,569.25
6571.0,3690.69,11.64,99.62,83.45,573.38
6581.0,3689.86,11.78,99.69,83.13,572.81
6591.0,3688.91,11.98,100.05,82.92,576.56
6601.0,3688.36,11.84,100.12,83.47,580.31
6611.0,3688.36,11.79,100.3,83.87,583.88
6621.0,3688.23,11.51,100.3,83.93,588.56
6631.0,3690.14,11.56,100.45,83.76,595.88
6641.0,3692.57,12.01,100.45,84.05,596.62
6651.0,3693.25,12.24,100.35,84.39,597.0
6661.0,3694.86,12.14,100.55,85.11,602.25
6671.0,3695.53,12.4,100.6,85.41,593.62
6681.0,3693.91,12.18,100.73,85.54,599.81
6691.0,3697.4,11.57,100.79,85.61,596.25
6701.0,3699.8,11.68,100.76,85.27,596.25
6711.0,3702.48,11.95,101.04,85.32,593.06
6721.0,3703.39,12.07,101.09,85.44,594.38
6731.0,3703.77,12.25,101.11,85.86,585.75
6741.0,3702.55,12.23,101.47,86.16,585.75
6751.0,3703.47,11.83,101.52,85.69,574.31
6761.0,3705.04,12.11,101.62,84.75,572.25
6771.0,3706.48,12.12,101.7,83.92,575.06
6781.0,3706.46,12.04,101.81,83.54,578.06
6791.0,3705.51,11.94,101.87,83.87,579.75
6801.0,3705.48,12.43,102.05,84.08,570.56
6811.0,3705.86,12.06,101.97,83.84,570.0
6821.0,3707.29,11.84,102.28,83.21,570.75
6831.0,3709.76,11.9,102.25,82.38,575.62
6841.0,3710.79,11.99,102.5,81.33,585.56
6851.0,3710.76,12.31,102.63,81.6,583.69
6861.0,3709.81,12.35,102.89,81.9,591.75
6871.0,3708.47,11.66,103.07,82.13,597.19
6881.0,3708.31,11.38,103.17,82.04,601.12
6891.0,3708.29,11.13,103.27,81.79,606.19
6901.0,3707.48,11.13,103.45,81.99,605.62
6911.0,3707.58,11.33,103.7,82.75,607.88
6921.0,3706.78,11.44,103.86,83.72,612.19
6931.0,3705.45,11.29,104.27,84.3,609.0
6941.0,3705.3,11.02,104.45,84.18,609.0
6951.0,3705.02,10.85,104.55,84.06,608.25
6961.0,3704.87,11.02,104.72,84.19,609.75
6971.0,3703.95,11.32,105.0,84.23,612.94
6981.0,3703.67,11.36,105.12,84.53,612.0
6991.0,3703.91,11.15,105.2,84.81,620.62
7001.0,3703.76,10.86,105.44,85.12,623.06
7011.0,3704.76,10.94,105.66,84.88,619.12
7021.0,3707.05,10.92,105.77,84.57,622.69
7031.0,3706.9,11.01,105.94,83.98,624.38
7041.0,3706.49,10.73,106.14,83.97,626.81
7051.0,3705.95,11.01,106.17,84.18,618.38
7061.0,3705.17,10.87,106.43,84.57,619.31
7071.0,3705.78,10.8,106.35,84.12,619.69
7081.0,3707.41,11.07,106.51,83.62,619.12
7091.0,3707.77,11.19,106.5,83.22,624.56
7101.0,3707.24,11.28,106.69,83.47,628.5
7111.0,3706.59,11.58,106.88,83.72,616.69
7121.0,3704.03,11.38,107.27,83.71,610.69
7131.0,3703.51,11.38,107.37,83.23,599.25
7141.0,3703.62,11.14,107.62,82.49,600.38
7151.0,3703.22,10.92,107.75,81.85,608.25
7161.0,3702.95,11.37,107.95,81.58,591.75
7171.0,3701.8,11.57,108.18,81.53,593.62
7181.0,3702.03,11.46,108.18,81.69,595.88
7191.0,3702.01,11.19,108.34,81.26,594.0
7201.0,3703.88,10.76,108.39,80.44,598.5
7211.0,3705.61,10.57,108.39,80.87,603.19
7221.0,3707.08,10.47,108.49,80.3,609.56
7231.0,3707.68,10.43,108.57,80.49,614.44
7241.0,3707.03,10.72,108.68,80.85,607.88
7251.0,3706.64,10.54,108.76,80.97,617.25
7261.0,3707.11,10.34,108.89,81.1,621.38
7271.0,3708.82,10.28,108.88,81.13,628.88
7281.0,3709.53,10.41,109.03,81.47,637.31
7291.0,3710.0,10.15,109.14,82.27,646.5
7301.0,3708.99,10.39,109.42,83.08,649.12
7311.0,3707.48,10.19,109.55,83.15,660.19
7321.0,3710.04,9.85,109.47,83.26,661.31
7331.0,3711.85,9.94,109.68,83.41,666.0
7341.0,3713.54,10.15,109.81,83.63,670.12
7351.0,3714.37,10.28,109.93,84.63,671.81
7361.0,3713.97,10.54,109.95,85.55,664.12
7371.0,3714.66,10.91,109.97,86.2,666.19
7381.0,3715.12,10.63,110.0,86.5,665.62
7391.0,3715.7,10.45,110.02,86.27,667.69
7401.0,3717.61,10.72,110.05,86.2,667.88
7411.0,3720.0,10.66,109.92,86.28,671.06
7421.0,3720.93,10.74,109.89,86.83,670.31
7431.0,3720.28,11.4,110.08,86.99,631.88
7441.0,3720.49,11.01,110.11,86.54,633.75
7451.0,3719.84,10.39,110.16,85.66,639.56
7461.0,3719.07,10.15,110.43,85.06,646.5
7471.0,3718.67,10.16,110.65,84.6,653.25
7481.0,3718.52,10.25,110.6,84.59,654.0
7491.0,3717.76,10.59,110.65,84.65,631.69
7501.0,3716.28,10.22,110.73,84.37,634.88
7511.0,3717.32,10.11,110.6,83.62,626.81
7521.0,3718.01,9.87,110.35,82.98,629.25
7531.0,3717.97,9.74,110.37,83.22,638.62
7541.0,3717.81,9.71,110.44,83.39,641.44
7551.0,3716.82,10.1,110.39,83.82,624.75
7561.0,3715.71,9.87,110.52,83.44,625.69
7571.0,3716.63,9.76,110.36,82.7,620.44
7581.0,3716.12,10.17,110.29,81.96,624.56
7591.0,3716.32,10.27,110.23,81.79,629.62
7601.0,3717.0,10.43,110.2,81.97,633.56
7611.0,3716.85,10.73,110.2,82.3,625.88
7621.0,3715.75,10.69,110.23,82.1,625.31
7631.0,3715.12,10.5,110.36,82.17,619.12
7641.0,3717.33,10.5,110.18,81.61,614.62
7651.0,3719.18,10.56,110.17,81.48,616.5
7661.0,3720.43,10.55,110.19,81.03,617.62
7671.0,3721.8,10.56,110.08,80.75,613.69
7681.0,3722.7,10.63,109.88,80.99,615.56
7691.0,3721.48,10.67,109.96,80.63,602.62
7701.0,3720.97,10.36,109.9,79.89,599.25
7711.0,3721.17,10.46,109.82,79.29,598.5
7721.0,3722.06,10.86,109.81,79.05,602.25
7731.0,3722.02,11.22,109.94,78.9,595.31
7741.0,3720.93,11.65,110.01,79.25,596.06
7751.0,3719.15,11.44,110.06,79.33,603.56
7761.0,3720.39,10.92,109.98,79.09,605.44
7771.0,3720.23,10.43,110.03,78.83,612.94
7781.0,3719.96,10.3,110.0,78.32,621.19
7791.0,3720.04,10.39,109.92,78.63,619.12
7801.0,3720.81,10.52,109.81,79.17,621.38
7811.0,3721.34,10.32,109.75,79.61,621.56
7821.0,3720.84,10.03,109.73,79.92,621.38
7831.0,3721.84,9.91,109.59,79.8,627.19
7841.0,3723.18,10.19,109.75,80.02,634.31
7851.0,3723.94,10.05,109.61,80.6,639.19
7861.0,3723.21,10.4,109.71,81.4,630.94
7871.0,3722.48,10.43,109.66,82.01,636.94
7881.0,3721.3,9.86,109.66,82.3,645.38
7891.0,3720.68,9.84,109.56,82.32,645.0
7901.0,3719.96,9.62,109.55,82.3,650.25
7911.0,3719.7,9.63,109.54,82.74,655.69
7921.0,3719.2,9.52,109.54,83.7,661.5
7931.0,3718.37,9.5,109.71,84.33,669.38
7941.0,3717.09,9.46,109.86,84.84,674.81
7951.0,3718.41,9.14,109.84,85.17,672.75
7961.0,3719.17,8.88,109.58,85.38,673.88
7971.0,3720.04,9.1,109.47,85.47,676.69
7981.0,3721.01,9.14,109.35,85.77,677.25
7991.0,3720.64,9.12,109.32,86.51,675.75
8001.0,3719.93,9.38,109.25,87.45,676.69
8011.0,3720.0,8.89,109.27,87.62,673.5
8021.0,3720.64,8.73,109.19,87.56,674.81
8031.0,3721.38,8.64,109.09,87.46,674.44
8041.0,3721.12,8.94,109.16,87.27,650.25
8051.0,3721.64,9.26,108.98,86.95,630.19
8061.0,3720.71,9.99,108.95,86.61,623.25
8071.0,3720.56,10.23,108.82,86.14,616.12
8081.0,3720.41,10.15,108.92,85.1,610.69
8091.0,3720.48,10.2,108.86,83.95,610.5
8101.0,3720.11,10.31,108.73,83.11,610.5
8111.0,3719.63,10.54,108.78,82.7,614.06
8121.0,3719.26,10.04,108.67,82.12,615.0
8131.0,3717.34,9.81,108.67,81.55,619.5
8141.0,3718.08,9.63,108.51,81.08,615.75
8151.0,3718.16,9.78,108.61,80.67,617.62
8161.0,3717.8,9.95,108.55,80.49,615.19
8171.0,3717.21,9.75,108.42,80.56,617.44
8181.0,3716.4,9.72,108.36,80.93,604.5
8191.0,3715.06,9.7,108.42,80.94,601.12
8201.0,3716.23,9.52,108.26,80.78,599.44
8211.0,3716.75,9.09,108.03,80.45,599.81
8221.0,3717.26,9.17,107.89,80.27,598.5
8231.0,3718.32,9.29,107.89,79.95,600.38
8241.0,3718.84,9.5,107.78,80.23,610.31
8251.0,3718.47,9.51,107.81,80.37,619.31
8261.0,3717.79,9.3,107.78,80.56,619.5
8271.0,3717.43,9.17,107.75,80.58,620.25
8281.0,3716.96,9.03,107.58,80.59,627.38
8291.0,3716.38,9.12,107.48,80.97,630.0
8301.0,3715.92,9.02,107.53,81.7,638.06
8311.0,3714.48,9.11,107.45,82.36,641.81
8321.0,3714.23,9.1,107.38,82.8,642.94
8331.0,3715.82,9.04,107.24,82.89,644.06
8341.0,3716.44,9.34,107.24,83.16,644.62
8351.0,3715.97,9.49,107.24,83.27,647.44
8361.0,3716.05,10.05,107.05,84.05,631.31
8371.0,3715.7,10.31,106.89,84.7,631.88
8381.0,3714.38,10.18,107.01,85.13,626.81
8391.0,3715.64,9.74,106.88,84.81,617.25
8401.0,3716.25,9.99,106.84,84.52,612.19
8411.0,3717.51,10.29,106.81,83.86,610.5
8421.0,3718.22,10.35,106.66,83.53,603.75
8431.0,3718.29,10.76,106.57,83.32,586.69
8441.0,3717.51,10.8,106.5,82.85,588.38
8451.0,3719.82,10.36,106.29,82.16,586.69
8461.0,3722.88,10.07,106.1,81.3,588.38
8471.0,3724.86,10.18,106.19,80.63,591.94
8481.0,3726.51,9.92,106.06,80.07,594.94
8491.0,3727.53,9.83,105.96,80.39,597.19
8501.0,3728.33,10.02,106.04,80.79,598.5
8511.0,3729.76,9.77,106.01,80.53,599.62
8521.0,3732.78,9.82,105.88,80.09,597.56
8531.0,3735.58,9.89,105.78,80.12,594.56
8541.0,3738.58,10.29,105.8,80.16,586.5
8551.0,3741.16,10.43,105.78,80.24,588.75
8561.0,3742.57,10.86,105.84,80.22,581.81
8571.0,3743.24,10.48,105.78,80.12,573.94
8581.0,3744.23,10.11,105.75,79.67,569.25
8591.0,3746.26,10.07,105.82,79.08,576.94
8601.0,3747.98,10.2,105.8,78.77,578.06
8611.0,3749.89,10.17,105.71,78.62,585.94
8621.0,3751.91,10.23,105.73,79.0,594.0
8631.0,3753.61,10.07,105.62,79.18,605.44
8641.0,3753.65,9.5,105.68,79.11,613.88
8651.0,3753.47,9.37,105.57,79.31,615.0
8661.0,3753.4,9.79,105.55,79.55,612.56
8671.0,3753.74,10.04,105.36,80.05,603.0
8681.0,3754.91,10.3,105.02,80.5,579.75
8691.0,3754.94,10.26,104.81,80.69,581.25
8701.0,3754.66,9.71,104.77,80.7,584.25
8711.0,3756.23,9.59,104.61,80.58,580.69
8721.0,3756.88,9.44,104.55,80.09,578.25
8731.0,3757.73,9.5,104.27,79.61,579.56
8741.0,3758.79,9.8,104.13,79.45,557.81
8751.0,3759.12,10.98,103.92,78.79,530.06
8761.0,3758.42,10.75,103.8,77.89,530.25
8771.0,3758.65,9.99,103.75,76.99,534.75
8781.0,3758.16,9.71,103.59,76.02,538.31
8791.0,3759.21,9.37,103.38,75.37,543.75
8801.0,3759.85,9.12,103.2,75.12,554.06
8811.0,3760.39,8.93,102.99,75.44,552.94
8821.0,3759.9,9.03,102.94,75.58,556.12
8831.0,3760.23,8.77,102.71,75.43,551.62
8841.0,3759.74,9.1,102.68,75.01,550.12
8851.0,3760.37,9.51,102.57,75.12,549.56
8861.0,3759.89,9.71,102.59,75.45,550.5
8871.0,3759.71,9.88,102.69,75.67,556.31
8881.0,3759.33,10.11,102.77,76.15,553.12
8891.0,3758.64,9.54,102.82,76.46,549.94
8901.0,3759.17,9.26,102.85,76.14,555.0
8911.0,3758.38,9.57,103.0,76.08,558.0
8921.0,3757.9,9.82,102.89,76.34,543.56
8931.0,3757.02,10.43,103.04,76.36,532.31
8941.0,3755.64,10.91,103.12,76.68,530.25
8951.0,3755.06,10.49,103.09,76.57,528.56
8961.0,3755.8,10.1,103.11,76.37,530.25
8971.0,3755.92,10.34,103.18,75.78,524.44
8981.0,3755.64,10.18,103.23,75.1,536.44
8991.0,3755.37,10.31,103.33,75.07,545.25
9001.0,3754.9,10.48,103.66,75.37,552.94
9011.0,3753.13,10.46,103.97,75.51,563.06
9021.0,3755.26,10.29,103.97,75.64,561.19
9031.0,3757.17,10.19,103.92,75.84,564.19
9041.0,3758.49,10.41,104.14,76.13,555.94
9051.0,3758.22,10.71,104.27,76.0,538.31
9061.0,3758.74,11.54,104.41,76.25,540.38
9071.0,3758.66,11.62,104.61,76.85,540.75
9081.0,3759.18,11.13,104.8,76.81,540.56
9091.0,3759.8,11.45,105.18,76.6,540.38
9101.0,3760.71,11.57,105.41,76.28,545.25
9111.0,3760.93,11.72,105.69,75.81,551.25
9121.0,3760.56,11.86,105.97,75.86,551.62
9131.0,3759.99,11.87,106.36,75.94,553.88
9141.0,3760.6,11.88,106.53,75.48,531.75
9151.0,3761.8,11.8,106.91,74.8,521.81
9161.0,3764.28,11.78,107.09,74.1,514.88
9171.0,3765.57,11.84,107.27,73.79,519.75
9181.0,3767.15,11.7,107.4,73.8,520.5
9191.0,3769.03,11.96,107.48,73.38,503.25
9201.0,3770.61,11.76,107.87,72.96,513.0
9211.0,3773.36,11.24,107.88,72.23,511.88
9221.0,3775.12,10.87,108.33,71.45,528.0
9231.0,3776.3,11.12,108.79,71.05,532.88
9241.0,3778.05,11.0,109.0,71.24,545.62
9251.0,3779.71,10.96,109.1,71.75,541.69
9261.0,3781.27,11.19,109.38,72.26,544.31
9271.0,3782.43,10.76,109.75,72.47,555.0
9281.0,3784.27,10.32,110.06,72.37,561.75
9291.0,3785.23,10.18,110.47,72.67,577.31
9301.0,3786.48,10.13,110.85,73.56,587.44
9311.0,3787.73,9.96,111.22,74.72,600.0
9321.0,3788.88,10.05,111.64,75.44,613.31
9331.0,3789.65,10.07,111.95,76.2,615.38
9341.0,3790.41,10.32,112.49,76.56,614.62
9351.0,3791.55,10.73,112.85,76.87,612.94
9361.0,3792.21,11.13,113.24,77.41,610.88
9371.0,3792.49,11.84,113.75,78.09,583.5
9381.0,3793.82,12.14,114.13,78.51,585.75
9391.0,3794.47,11.94,114.57,78.8,588.38
9401.0,3795.13,11.81,114.74,78.48,592.12
9411.0,3795.68,11.78,114.99,77.97,595.12
9421.0,3796.15,11.91,115.3,77.25,594.56
9431.0,3796.03,12.19,115.71,76.74,590.44
9441.0,3795.64,12.05,116.22,76.39,592.31
9451.0,3794.29,12.09,116.89,75.98,579.75
9461.0,3794.94,11.79,117.1,74.97,588.38
9471.0,3794.35,11.51,117.57,74.38,596.44
9481.0,3795.1,11.52,118.09,74.16,604.88
9491.0,3795.93,11.84,118.4,74.15,585.56
9501.0,3796.58,11.87,118.74,74.02,575.25
9511.0,3797.32,11.79,119.24,73.71,585.94
9521.0,3797.11,11.3,119.81,73.53,591.38
9531.0,3798.89,10.99,120.25,73.05,600.0
9541.0,3800.47,10.9,120.77,72.57,611.44
9551.0,3800.54,10.8,121.11,72.43,617.62
9561.0,3801.18,10.77,121.48,72.91,624.56
9571.0,3800.78,11.28,121.91,73.09,618.94
9581.0,3800.48,11.56,122.51,73.27,624.0
9591.0,3800.64,11.64,122.87,73.47,626.44
9601.0,3801.38,11.34,123.26,73.69,637.5
9611.0,3800.79,10.96,123.62,73.74,654.94
9621.0,3799.84,10.66,124.24,74.5,669.75
9631.0,3798.6,10.41,125.07,75.19,683.44
9641.0,3797.09,10.35,125.54,75.89,692.81
9651.0,3797.44,10.49,126.11,76.39,696.38
9661.0,3797.52,10.72,126.75,76.76,702.56
9671.0,3797.31,10.76,127.25,77.07,693.38
9681.0,3796.27,11.01,127.92,77.43,701.62
9691.0,3794.95,11.12,128.41,78.28,709.12
9701.0,3794.39,10.88,129.01,78.89,718.69
9711.0,3794.83,10.44,129.43,79.42,719.44
9721.0,3796.11,10.52,130.04,79.53,720.94
9731.0,3795.26,10.43,130.38,79.53,736.88
9741.0,3794.88,10.38,130.92,79.67,753.0
9751.0,3794.59,10.03,131.44,80.38,770.44
9761.0,3794.02,10.03,132.01,80.94,778.5
9771.0,3793.54,9.81,132.42,81.53,785.81
9781.0,3794.36,9.59,132.78,81.85,792.38
9791.0,3793.79,9.2,133.42,82.17,806.62
9801.0,3793.41,9.02,133.96,82.55,815.62
9811.0,3793.21,9.04,134.47,83.52,824.06
9821.0,3793.66,9.14,135.01,84.32,833.25
9831.0,3792.82,9.04,135.35,84.97,840.19
9841.0,3793.9,8.76,135.71,85.3,842.62
9851.0,3795.62,8.79,135.84,85.72,846.56
9861.0,3796.7,9.07,136.02,85.97,853.69
9871.0,3796.69,9.3,136.39,86.51,857.44
9881.0,3796.31,9.68,136.82,87.19,849.38
9891.0,3795.93,9.49,136.98,87.84,855.56
9901.0,3795.91,8.98,137.26,88.12,856.31
9911.0,3795.99,9.07,137.65,88.03,865.69
9921.0,3797.78,9.16,137.83,88.11,873.0
9931.0,3797.95,9.25,138.19,88.24,880.12
9941.0,3797.56,10.02,138.44,88.66,855.56
9951.0,3797.18,10.07,138.65,88.73,851.44
9961.0,3796.99,9.58,138.83,88.6,849.94
9971.0,3798.41,9.58,138.98,88.05,844.12
9981.0,3798.4,9.6,139.39,87.7,850.5
9991.0,3798.38,9.58,139.42,87.55,869.25
10001.0,3797.91,9.54,139.49,88.1,874.88
10011.0,3797.35,9.58,139.74,88.32,870.75
10021.0,3796.61,9.87,140.0,88.06,857.62
10031.0,3796.78,9.57,140.2,87.43,858.0
10041.0,3795.78,8.84,140.3,86.95,866.25
10051.0,3795.4,8.38,140.33,86.48,873.56
10061.0,3796.1,8.68,140.63,86.57,888.56
10071.0,3796.89,8.84,140.68,87.08,885.38
10081.0,3795.8,8.95,141.11,87.4,889.31
10091.0,3797.04,8.87,141.04,87.39,885.94
10101.0,3797.91,9.34,141.12,87.14,880.69
10111.0,3799.5,9.37,141.14,86.84,887.25
10121.0,3800.28,9.47,141.32,87.41,893.06
10131.0,3799.81,9.98,141.54,87.62,859.31
10141.0,3798.91,9.89,141.64,87.62,849.19
10151.0,3797.91,9.3,141.79,87.49,854.81
10161.0,3798.69,9.22,141.61,86.71,857.81
10171.0,3798.76,9.62,141.66,86.22,865.12
10181.0,3798.48,9.82,141.89,85.95,868.12
10191.0,3798.46,9.79,141.97,86.11,876.56
10201.0,3798.36,9.6,142.32,86.31,883.88
10211.0,3797.36,9.78,142.5,86.19,866.44
10221.0,3797.53,9.69,142.4,85.86,863.25
10231.0,3798.04,9.62,142.24,85.71,865.12
10241.0,3797.32,9.67,142.44,85.73,870.94
10251.0,3797.12,9.65,142.64,86.0,881.81
10261.0,3796.66,9.81,142.82,86.32,869.81
10271.0,3795.34,9.79,143.12,86.41,879.0
10281.0,3797.33,9.08,142.97,86.56,885.56
10291.0,3797.58,8.6,142.95,86.42,896.25
10301.0,3799.31,8.26,142.89,86.36,902.62
10311.0,3801.21,8.53,143.04,86.44,910.69
10321.0,3803.72,8.84,143.01,86.89,908.06
10331.0,3805.44,9.16,143.14,87.38,912.38
10341.0,3806.11,8.91,143.44,87.83,909.56
10351.0,3807.83,8.64,143.44,88.02,914.81
10361.0,3810.06,8.65,143.49,88.27,922.31
10371.0,3811.68,8.97,143.79,88.59,924.75
10381.0,3812.77,8.89,143.94,89.07,932.25
10391.0,3813.61,8.68,144.07,89.37,929.62
10401.0,3814.88,8.45,144.28,89.79,930.94
10411.0,3817.52,8.44,144.12,89.77,930.56
10421.0,3819.47,8.46,144.12,89.68,925.88
10431.0,3821.51,8.54,143.83,89.76,925.31
10441.0,3822.67,8.48,143.91,89.98,924.19
10451.0,3823.92,9.03,143.98,90.25,894.19
10461.0,3824.48,9.11,144.08,90.17,889.12
10471.0,3824.87,8.82,144.1,89.73,879.56
10481.0,3824.83,8.81,143.99,88.96,878.06
10491.0,3824.78,9.0,144.01,88.35,879.19
10501.0,3824.49,8.82,143.9,87.83,882.56
10511.0,3824.53,8.86,143.84,87.39,885.38
10521.0,3823.63,8.75,143.81,87.04,891.38
10531.0,3823.93,8.35,143.61,86.62,887.25
10541.0,3824.92,8.44,143.53,86.2,885.56
10551.0,3825.22,8.35,143.32,85.85,885.75
10561.0,3825.77,8.35,143.24,85.75,883.69
10571.0,3825.47,9.09,143.26,86.02,869.62
10581.0,3825.42,9.82,143.03,86.17,864.0
10591.0,3825.55,9.54,143.0,86.25,857.62
10601.0,3826.36,9.1,142.77,85.96,858.56
10611.0,3826.4,8.92,142.75,85.67,861.19
10621.0,3825.93,9.33,142.7,85.34,846.19
10631.0,3826.23,9.55,142.46,85.08,845.06
10641.0,3825.85,10.09,142.56,85.02,845.25
10651.0,3825.21,10.03,142.53,84.78,846.75
10661.0,3826.1,9.65,142.45,84.45,846.19
10671.0,3826.81,9.79,142.24,84.1,845.06
10681.0,3826.94,9.83,142.03,83.92,844.5
10691.0,3826.64,10.38,141.95,83.66,810.0
10701.0,3825.68,10.37,141.97,83.5,814.69
10711.0,3824.45,10.07,142.05,83.26,827.44
10721.0,3825.17,9.55,141.79,83.33,828.94
10731.0,3825.97,9.18,141.58,83.05,831.75
10741.0,3827.77,9.16,141.38,82.98,839.62
10751.0,3828.14,8.82,141.19,82.9,847.12
10761.0,3828.85,8.91,141.09,83.26,856.31
10771.0,3829.47,9.67,140.91,83.51,803.25
10781.0,3828.67,9.68,141.09,83.36,801.75
10791.0,3828.79,9.26,141.12,83.21,807.0
